usage_date_utc,model_version,api_key,workspace,usage_type,context_window,usage_input_tokens_no_cache,usage_input_tokens_cache_write_5m,usage_input_tokens_cache_write_1h,usage_input_tokens_cache_read,usage_output_tokens,web_search_count,inference_geo,speed
2026-07-01,claude-haiku-4-5-20251001,KEY_ANTHROPIC_PROD,Default,standard,≤ 200k,24167,0,0,0,2741,0,not_available,
2026-07-01,claude-sonnet-4-6,KEY_ANTHROPIC_PROD,Default,standard,≤ 200k,61257,0,0,0,1892,0,global,
2026-07-02,claude-haiku-4-5-20251001,KEY_ANTHROPIC_PROD,Default,standard,≤ 200k,23700,0,0,0,2697,0,not_available,
2026-07-02,claude-sonnet-4-6,KEY_ANTHROPIC_PROD,Default,standard,≤ 200k,71416,0,0,0,2566,0,global,
2026-07-03,claude-haiku-4-5-20251001,KEY_ANTHROPIC_PROD,Default,standard,≤ 200k,25016,0,0,0,4121,0,not_available,
2026-07-03,claude-sonnet-4-6,KEY_ANTHROPIC_PROD,Default,standard,≤ 200k,1608938,0,0,0,89079,97,global,
2026-07-04,claude-haiku-4-5-20251001,KEY_ANTHROPIC_PROD,Default,standard,≤ 200k,27798,0,0,0,3166,0,not_available,
2026-07-04,claude-sonnet-4-6,KEY_ANTHROPIC_PROD,Default,standard,≤ 200k,90084,0,0,0,3775,0,global,
2026-07-05,claude-haiku-4-5-20251001,KEY_ANTHROPIC_PROD,Default,standard,≤ 200k,210257,0,0,0,45595,0,not_available,
2026-07-05,claude-sonnet-4-6,KEY_ANTHROPIC_PROD,Default,standard,≤ 200k,125875,0,0,0,4194,0,global,
2026-07-06,claude-haiku-4-5-20251001,KEY_ANTHROPIC_PROD,Default,standard,≤ 200k,64266,0,0,0,7890,0,not_available,
2026-07-06,claude-sonnet-4-6,KEY_ANTHROPIC_PROD,Default,standard,≤ 200k,62618,0,0,0,1870,0,global,
2026-07-07,claude-haiku-4-5-20251001,KEY_ANTHROPIC_PROD,Default,standard,≤ 200k,47142,0,0,0,9815,0,not_available,
2026-07-07,claude-sonnet-4-6,KEY_ANTHROPIC_PROD,Default,standard,≤ 200k,4510600,0,0,0,227759,268,global,
