Test Case ID,Description,Pre-conditions,Test Steps,Expected Result,BUG Type,Reporter,Sevirity (critical/high/medium/low),"Status (Resolved, Rejected,Open)",Date reported 
BUG-GORAMP-001,"Platform terminology Compliance Issue: ""Avatar"" terminology present in client portal UI",User is logged into the client portal / platform.,"1. Navigate through the client portal UI. 2. Observe terminology used across settings, onboarding, and review queues.","zero instances of ""avatar"" visible in client-facing UI. Every place a client sees text, it says ""voice/voices"" instead.",Usability,Tzvi,,,
BUG-GORAMP-002,Comment Regeneration Error: Failed attempt to regenerate comments triggers an error in client portal,User is on the client portal reviewing comment queue.,"1. Locate a generated comment in the queue. 2. Click on the ""Regenerate"" button.",System successfully regenerates the comment draft without throwing UI errors.,Functionality,Tzvi,,,
BUG-GORAMP-003,Partial Comment Generation: System produces incomplete/partial comments for 2-3 days,Automated comment generation pipeline runs.,1. Trigger or wait for scheduled comment generation pipeline. 2. Check generated comment outputs in the review queue.,Comments are fully generated according to configured AI prompt rules.,Functionality,Tzvi,,,
BUG-GORAMP-004,Subreddit Limitations: Partner/Admin view restricts adding hobby sub-reddits due to limit validation,"User is logged into Partner/Admin view. Tzvi Test, loanbase.com, XM Cyber",1. Navigate to client / avatar configuration (e.g. Tzvi Test). 2. Attempt to add hobby sub-reddits. 3. Observe limitation error.,"System applies sub-reddit limitations only to business/professional sub-reddits, while allowing hobby sub-reddits without restriction.",Business Logic,Tzvi,,,
BUG-GORAMP-005,"Missing Settings Option: Client-side cannot add custom tracking keywords in ""Settings""","User is logged into client-side Settings page. Tzvi Test, loanbase.com, XM Cyber",1. Navigate to Settings page. 2. Look for option to add/manage custom target keywords.,"Settings page provides input field/interface allowing users to add custom keywords. I played with the free trial for loanbase.com and it still found only 3 keywords, 2 of them were relevant. There are plenty of other keywords worth tracking for them, and I want to add it from the client side.
Would it be possible to allow it?",Functionality,Tzvi,,,
BUG-GORAMP-006,URL Input Field Locks After Failed Analysis during Onboarding Step 1,User is on Step 1 of Onboarding Wizard.,1. Input an invalid URL or URL with a typo. 2. Click to analyze. 3. Observe scrape/analysis failure error. 4. Attempt to edit/correct the URL input field.,"URL field remains editable on failure; button shows ""Retry"" so user can correct typos.",Functionality,Tzvi,,,
BUG-GORAMP-007,"Strict ""Minimum 3 Keywords"" Blocker on Free Trial Onboarding","Free trial user analyzing a target domain returning fewer than 3 keywords (e.g., loanbase.com).",1. Run website analysis returning 2 keywords. 2. Attempt to finalize free trial setup.,"Onboarding completes successfully with a soft dashboard warning/recommendation instead of a blocking error. There are plenty of other keywords worth tracking for them, and I want to add it from the client side.",Business Logic,Tzvi,,,
BUG-GORAMP-008,Session Expiration Redirects Free Trial User to Dashboard Instead of Wizard,Free trial user has incomplete onboarding wizard session that expires.,1. Start onboarding wizard. 2. Allow session to expire or log out before completing. 3. Log back into the platform.,Unfinished trial users are redirected back to the onboarding wizard step.,Functionality,Tzvi,,,
BUG-GORAMP-009,"Non-functional ""Upgrade"" Buttons across Trial Platform",User is on free trial account.,"1. Click on any ""Upgrade"" button in UI.","System opens a pricing modal/popup with Stripe checkout links and a fallback ""Contact Sales"" option.",Usability,Tzvi,,,
BUG-GORAMP-010,"Review Queue Hides Sub-reddit and Thread Titles for Inventory Profiles (""Unknown Thread"")","Partner view review queue with active inventory profiles (e.g., u/RunPriyaRun).",1. Open review queue in Partner View. 2. Check thread title and sub-reddit headers for inventory profile drafts.,"Specific thread title (e.g., ""Tulips drooping :("") and sub-reddit (e.g., r/plantclinic) are displayed.",Usability,Tzvi,,,
BUG-GORAMP-011,Business Subreddit Comments Not Generating due to Empty Profile-level Config,Phase 2 profile active with empty profile-level business_subreddits field.,1. Trigger scheduled pipeline run. 2. Inspect comment generation logs for business subreddits.,System automatically inherits subreddits from client config when profile field is empty.,Functionality,Tzvi,,,
BUG-GORAMP-012,"Critical failure when clicking ""Mark as Posted"" in Client Review page",User is on review page: https://gorampit.com/clients/721693db-cedc-4256-979d-823150894783/review,"1. Navigate to the review page. 2. Click ""Mark as Posted"" button on a comment item.",Comment status updates to Posted successfully without errors.,Functionality,Jenny,,,
BUG-GORAMP-013,UI font size issue: Text is very small at standard 100% resolution,Browser zoom level set to 100%.,1. Open portal at 100% browser resolution. 2. Observe readable text scaling across pages.,Text is clearly legible with standard body font sizing (14px-16px).,Usability,Jenny,,,
BUG-GORAMP-015,"Recent activity display truncated: missing subreddit name (shows only ""/r"")","User is viewing Avatar details page (e.g., ""falky_finder"").","1. Open avatar attributes page. 2. Click avatar name ""falky_finder"". 3. Scroll to ""Recent activity"" section at bottom of page.","Full subreddit name is displayed (e.g. /r/cybersecurity) instead of truncated ""/r"".",Usability,Jenny,,,
BUG-GORAMP-016,"Chrome Extension error: ""Account not recognized"" upon connecting Reddit account tab",Chrome extension installed and active.,"1. Open logged-in Reddit account tab. 2. Click ""Connect"" inside the extension.",Extension recognizes logged-in account and connects seamlessly.,Functionality,Jenny,,,
BUG-GORAMP-017,Subreddits counter link opens 404 Error page in Client Manager account,User logged into Client Manager account on Subreddits page.,"1. Click on ""Subreddits"" in menu. 2. Click on the count number next to a subreddit name.",System routes to the relevant threads/subreddits detail page.,Functionality,Jenny,,,
BUG-GORAMP-018,"Regenerating edited comment in Review Queue fails with ""thread not found"" popup",User is in Review Queue.,"1. Click ""Review Queue"" in right menu. 2. Make inline changes inside a comment text box. 3. Click ""Regenerate"".",Comment draft regenerates based on new edits without missing thread errors.,Functionality,Jenny,,,
BUG-GORAMP-019,Outdated tooltip in Keywords section refers to non-existent Settings menu,User is viewing Keywords section.,"1. Hover over the ""?"" tooltip icon near the Keywords section title.","Tooltip provides accurate, up-to-date instructions reflecting current UI.",Usability,Jenny,,,
BUG-GORAMP-020,"Extension ""Review"" link in Pending Drafts opens an error page",User connected via Chrome Extension with pending draft tasks.,"1. Open extension popup. 2. Click ""Review"" link on a PENDING DRAFTS task.",User redirected directly to correct Review Queue page in portal.,Functionality,Jenny,,,
BUG-GORAMP-021,"Extension zip load error ""Manifest file is missing"" due to nested extraction structure",Extension ZIP downloaded from client site.,1. Unzip extension file. 2. Go to chrome://extensions -> Load unpacked. 3. Select outer unzipped folder.,"Extension manifest loaded properly, or single-root ZIP provided to eliminate nested folder confusion.",Usability,Jenny,,,
BUG-GORAMP-022,Deprecated extension static download page (index.html) still accessible,User accesses https://gorampit.com/static/extension/index.html.,1. Navigate to static extension index page.,Page is deleted or redirected to direct file download / active portal page.,Usability,Jenny,,,
BUG-GORAMP-023,Portal missing thread availability view per subreddit based on RAMP restrictions,User is in Client Manager portal viewing Subreddits.,1. View Subreddits list in portal.,Portal displays available threads per subreddit filtered by RAMP restriction rules.,Functionality,Jenny,,,
BUG-GORAMP-024,"Missing explanatory tooltips/documentation for ""Avatar Fitness"" / ""Avatar Fi""",User viewing Avatar Fitness metrics.,1. Locate Avatar Fitness / Avatar Fi metric in UI.,"UI displays tooltip, user guide explanation, or active account handle context.",Usability,Jenny,,,
BUG-GORAMP-025,"Global missing feature: No direct ""Report Bug"" link available across system layers","User interacting with any layer of system (Portal, Extension, Admin).",1. Check UI headers/footers/menus for feedback or bug reporting option.,"Accessible ""Report Bug"" link present across all platform layers.",Functionality,Jenny,,,
BUG-GORAMP-026,Extension links non-clickable; hides target subreddit and post context,User inspecting comment task inside Chrome Extension popup.,1. View draft comment inside extension popup. 2. Attempt to click subreddit/post link.,"Links are clickable, navigating directly to the destination subreddit or Reddit post.",Usability,Jenny,,,
BUG-GORAMP-027,Avatar Configuration Mismatch: System configured with legacy/shadowbanned accounts instead of active main accounts,Client account configuration setup.,"1. Review active accounts assigned to client pipeline. 2. Check for legacy accounts (Middle-Mode3001, emma_richardson).","System replaces inactive/shadowbanned accounts with active target accounts (lucas_parker2, conor_lloyd, lena_gupta19).",Business Logic,Tzvi,High,,21/7
BUG-GORAMP-028,Onboarding Wizard Stalling for Client Account Setup (XM Cyber),"User in onboarding wizard for client account (e.g., XM Cyber).",1. Navigate to client onboarding wizard. 2. Run initial client setup steps.,Onboarding wizard completes all steps without freezing or getting stuck.,Functionality,Tzvi,High,,21/7
BUG-GORAMP-029,"Landscape Report Generation Failure: ""Generate Report Now"" throws UI alert without executing",User attempting to generate a Landscape Report in the portal.,"1. Open Landscape Report generation view. 2. Click ""Generate Report Now"". 3. Check UI response and backend execution logs.","System initiates report generation, logs process execution, tracks AI token costs, and outputs complete report.",Functionality,Tzvi,High,,21/7
BUG-GORAMP-030,Irrelevant AI Hypotheses in Discovery Feature due to Inaccurate Web Scraping,Client domain configured with secondary or career subpages.,1. Run Discovery feature analysis on target domain. 2. Inspect generated strategy hypotheses.,"Discovery engine scrapes primary product/services site data and outputs relevant business hypotheses (avoids real estate ""Fix & Flip"" suggestions for B2C).",Business Logic,Tzvi,High,,21/7
BUG-GORAMP-031,"Mandatory ""Job Title"" Field Creates Friction for B2C Client Onboarding",User filling out Client Onboarding Form for B2C profile.,"1. Leave ""Job Title"" field empty on onboarding form. 2. Attempt to proceed to next step.","System allows ""Job Title"" to be optional or adapts fields dynamically based on B2B vs. B2C strategy context.",Usability / Business Logic,Tzvi,High,,21/7
BUG-GORAMP-032,Extension link in client portal missing from left navigation menu,User is logged into the Client Portal.,1. Log into the client portal. 2. Inspect the left navigation menu items.,The left navigation menu includes a direct link/item to download/access the Chrome Extension.,Functionality,Max,Critical,Open,21/7
BUG-GORAMP-033,"User was frozen due to being ""flagged by Reddit"" - u/Lena_Gupta19 - the user isn't shadowbanned nor flagged, false reporting",Client is XM Cyber,1. Log into the client portal. 2. Inspect the voices section,The system will detect either a) why this account has been flagged or b) why was it frozen for no reason,,Tzvi,,Open,22/7
BUG-GORAMP-034,"Partner side - defined a strategy for client's voice (LoanBase, u/need4speed8) - got as output 3 questions - unclear where should I/the client answer them","Client is LoanBase, client's voice has ran a strategy generation","1. Log into the partner portal 2. Went to LoanBase's voice 3. Went to ""Strategy"" 4. Generated new strategy",A much clearer output as to where those questions could be answered or alternatively - the platform would suggest answers and the client/partner will approve/edit,,Tzvi,,Open,22/7
BUG-GORAMP-035,"Partner side - Buyer intent prompts on GEO/AEO: cannot enter new prompts manually. ""Generate with AI"" generates too few prompts - can't add more if needed",,"1. Log into the partner portal 2. Went to clients > LoanBase 3. Clicked on GEO 4. Tried to enter prompts manually, clicked '+' without success",The ability to increase the number of high intent prompts beyone the initial AI generated prompts,,Tzvi,,Open,22/7
BUG-GORAMP-036,"Clicking ""Get Started"" on pricing plans after free trial redirects to ""Access Denied"" error page , this link : https://staging.gorampit.com/clients/a368cabf-bcf0-4a82-be6e-ae4ef76612da/billing/change-plan",New user in client portal whose free trial has ended.,"1. Navigate to Stripe plan selection page after free trial ends. 2. Click ""Get Started"" on any displayed plan.",User is redirected to the Stripe checkout flow successfully to complete payment.,Functionality,Jenny,Critical,Open,23/7